Method,Path,Auth,Contract,Internet stranger,Forged session,Ordinary member,Other member,Administrator,Share holder,Upload-request guest,Nearby guest,Same-network stranger,Cross-site browser,Session without CSRF,Rebound Host,Revoked/expired member,Authentication bearer,Local helper,Evidence
GET,/api/health,public,api.health,security-property-asserted,not-checked,not-checked,not-checked,not-checked,not-checked,not-checked,not-checked,not-checked,not-checked,not-checked,not-checked,not-checked,not-checked,not-checked,endpoint-actor-coverage.csv; coverage.json
HEAD,/api/health,public,api.health,allowed-control-asserted,not-checked,not-checked,not-checked,not-checked,not-checked,not-checked,not-checked,not-checked,not-checked,not-checked,not-checked,not-checked,not-checked,not-checked,endpoint-actor-coverage.csv; coverage.json
GET,/api/session,member,api.session.get,boundary-asserted,boundary-asserted,observed-request-only,not-checked,observed-request-only,boundary-asserted,boundary-asserted,boundary-asserted,boundary-asserted,not-checked,not-checked,boundary-asserted,boundary-asserted,not-checked,not-checked,endpoint-actor-coverage.csv; coverage.json
HEAD,/api/session,member,api.session.get,boundary-asserted,boundary-asserted,read-only-reviewed,not-checked,not-checked,boundary-asserted,boundary-asserted,boundary-asserted,boundary-asserted,not-checked,not-checked,boundary-asserted,read-only-reviewed,not-checked,not-checked,endpoint-actor-coverage.csv; coverage.json
DELETE,/api/session,member,api.session.signOut,boundary-asserted,boundary-asserted,security-property-asserted,not-checked,security-property-asserted,boundary-asserted,boundary-asserted,boundary-asserted,boundary-asserted,boundary-asserted,boundary-asserted,boundary-asserted,not-checked,not-checked,not-checked,endpoint-actor-coverage.csv; coverage.json
POST,/api/session/password,public,api.session.password,boundary-asserted,not-checked,observed-request-only,not-checked,not-checked,not-checked,not-checked,not-checked,not-checked,boundary-asserted,not-checked,boundary-asserted,read-only-reviewed,not-checked,not-checked,endpoint-actor-coverage.csv; coverage.json
POST,/api/session/passkey,public,api.session.passkey,observed-request-only,not-checked,read-only-reviewed,not-checked,not-checked,not-checked,not-checked,not-checked,not-checked,boundary-asserted,not-checked,boundary-asserted,read-only-reviewed,boundary-asserted,not-checked,endpoint-actor-coverage.csv; coverage.json
POST,/api/session/passkey/options,public,api.session.passkeyOptions,security-property-asserted,not-checked,read-only-reviewed,not-checked,not-checked,not-checked,not-checked,not-checked,not-checked,boundary-asserted,not-checked,boundary-asserted,read-only-reviewed,not-checked,not-checked,endpoint-actor-coverage.csv; coverage.json
POST,/api/session/join,public,api.session.join,observed-request-only,not-checked,not-checked,not-checked,not-checked,not-checked,not-checked,not-checked,not-checked,boundary-asserted,not-checked,boundary-asserted,not-checked,boundary-asserted,not-checked,endpoint-actor-coverage.csv; coverage.json
POST,/api/session/code,public,api.session.code,observed-request-only,not-checked,not-checked,not-checked,not-checked,not-checked,not-checked,not-checked,not-checked,boundary-asserted,not-checked,boundary-asserted,not-checked,boundary-asserted,not-checked,endpoint-actor-coverage.csv; coverage.json
POST,/api/session/device-link,public,api.session.deviceLink,observed-request-only,not-checked,not-checked,not-checked,not-checked,not-checked,not-checked,not-checked,not-checked,boundary-asserted,not-checked,boundary-asserted,not-checked,boundary-asserted,not-checked,endpoint-actor-coverage.csv; coverage.json
GET,/api/session/device-link/:token,public,api.session.deviceLinkCheck,observed-request-only,not-checked,not-checked,not-checked,not-checked,not-checked,not-checked,not-checked,not-checked,not-checked,not-checked,boundary-asserted,not-checked,boundary-asserted,not-checked,endpoint-actor-coverage.csv; coverage.json
HEAD,/api/session/device-link/:token,public,api.session.deviceLinkCheck,observed-request-only,not-checked,not-checked,not-checked,not-checked,not-checked,not-checked,not-checked,not-checked,not-checked,not-checked,boundary-asserted,not-checked,boundary-asserted,not-checked,endpoint-actor-coverage.csv; coverage.json
GET,/api/setup,public,api.setup.status,security-property-asserted,not-checked,not-checked,not-checked,observed-request-only,not-checked,not-checked,not-checked,not-checked,not-checked,not-checked,boundary-asserted,not-checked,not-checked,not-checked,endpoint-actor-coverage.csv; coverage.json
HEAD,/api/setup,public,api.setup.status,allowed-control-asserted,not-checked,not-checked,not-checked,not-checked,not-checked,not-checked,not-checked,not-checked,not-checked,not-checked,boundary-asserted,not-checked,not-checked,not-checked,endpoint-actor-coverage.csv; coverage.json
POST,/api/setup/account,public,api.setup.account,boundary-asserted,not-checked,not-checked,not-checked,not-checked,not-checked,not-checked,not-checked,not-checked,boundary-asserted,not-checked,boundary-asserted,not-checked,boundary-asserted,not-checked,endpoint-actor-coverage.csv; coverage.json
POST,/api/setup/finish,admin,api.setup.finish,boundary-asserted,boundary-asserted,boundary-asserted,not-checked,boundary-asserted,boundary-asserted,boundary-asserted,boundary-asserted,boundary-asserted,boundary-asserted,boundary-asserted,boundary-asserted,not-checked,not-checked,not-checked,endpoint-actor-coverage.csv; coverage.json
GET,/api/s/:token,public,api.links.open,observed-request-only,not-checked,observed-request-only,not-checked,boundary-asserted,boundary-asserted,not-checked,not-checked,not-checked,not-checked,not-checked,boundary-asserted,not-checked,not-checked,not-checked,endpoint-actor-coverage.csv; coverage.json
HEAD,/api/s/:token,public,api.links.open,observed-request-only,not-checked,not-checked,not-checked,not-checked,boundary-asserted,not-checked,not-checked,not-checked,not-checked,not-checked,boundary-asserted,not-checked,not-checked,not-checked,endpoint-actor-coverage.csv; coverage.json
GET,/api/s/:token/nodes/:node/content,raw,raw route,observed-request-only,not-checked,not-checked,not-checked,boundary-asserted,boundary-asserted,not-checked,not-checked,not-checked,not-checked,not-checked,boundary-asserted,not-checked,not-checked,not-checked,endpoint-actor-coverage.csv; coverage.json
HEAD,/api/s/:token/nodes/:node/content,raw,raw route,observed-request-only,not-checked,not-checked,not-checked,not-checked,boundary-asserted,not-checked,not-checked,not-checked,not-checked,not-checked,boundary-asserted,not-checked,not-checked,not-checked,endpoint-actor-coverage.csv; coverage.json
GET,/api/s/:token/nodes/:node/thumbnail,raw,raw route,observed-request-only,not-checked,not-checked,not-checked,not-checked,boundary-asserted,not-checked,not-checked,not-checked,not-checked,not-checked,boundary-asserted,not-checked,not-checked,not-checked,endpoint-actor-coverage.csv; coverage.json
HEAD,/api/s/:token/nodes/:node/thumbnail,raw,raw route,observed-request-only,not-checked,not-checked,not-checked,not-checked,boundary-asserted,not-checked,not-checked,not-checked,not-checked,not-checked,boundary-asserted,not-checked,not-checked,not-checked,endpoint-actor-coverage.csv; coverage.json
GET,/api/s/:token/zip,raw,raw route,observed-request-only,not-checked,not-checked,not-checked,not-checked,boundary-asserted,not-checked,not-checked,not-checked,not-checked,not-checked,boundary-asserted,not-checked,not-checked,not-checked,endpoint-actor-coverage.csv; coverage.json
HEAD,/api/s/:token/zip,raw,raw route,observed-request-only,not-checked,not-checked,not-checked,not-checked,boundary-asserted,not-checked,not-checked,not-checked,not-checked,not-checked,boundary-asserted,not-checked,not-checked,not-checked,endpoint-actor-coverage.csv; coverage.json
POST,/api/s/:token/unlock,public,api.links.unlock,observed-request-only,not-checked,not-checked,not-checked,not-checked,boundary-asserted,not-checked,not-checked,not-checked,boundary-asserted,not-checked,boundary-asserted,not-checked,not-checked,not-checked,endpoint-actor-coverage.csv; coverage.json
GET,/api/invitations/:token,public,api.session.invitation,observed-request-only,not-checked,observed-request-only,not-checked,not-checked,not-checked,not-checked,not-checked,not-checked,not-checked,not-checked,boundary-asserted,not-checked,boundary-asserted,not-checked,endpoint-actor-coverage.csv; coverage.json
HEAD,/api/invitations/:token,public,api.session.invitation,observed-request-only,not-checked,not-checked,not-checked,not-checked,not-checked,not-checked,not-checked,not-checked,not-checked,not-checked,boundary-asserted,not-checked,boundary-asserted,not-checked,endpoint-actor-coverage.csv; coverage.json
GET,/api/items,member,api.items.list,boundary-asserted,boundary-asserted,security-property-asserted,security-property-asserted,not-checked,boundary-asserted,boundary-asserted,boundary-asserted,boundary-asserted,not-checked,not-checked,boundary-asserted,not-checked,not-checked,not-checked,endpoint-actor-coverage.csv; coverage.json
HEAD,/api/items,member,api.items.list,boundary-asserted,boundary-asserted,not-checked,not-checked,not-checked,boundary-asserted,boundary-asserted,boundary-asserted,boundary-asserted,not-checked,not-checked,boundary-asserted,not-checked,not-checked,not-checked,endpoint-actor-coverage.csv; coverage.json
POST,/api/items/bulk,member,api.items.bulk,boundary-asserted,boundary-asserted,security-property-asserted,boundary-asserted,not-checked,boundary-asserted,boundary-asserted,boundary-asserted,boundary-asserted,boundary-asserted,boundary-asserted,boundary-asserted,not-checked,not-checked,not-checked,endpoint-actor-coverage.csv; coverage.json
GET,/api/items/:id,member,api.items.get,boundary-asserted,boundary-asserted,security-property-asserted,boundary-asserted,boundary-asserted,boundary-asserted,boundary-asserted,boundary-asserted,boundary-asserted,not-checked,not-checked,boundary-asserted,not-checked,not-checked,not-checked,endpoint-actor-coverage.csv; coverage.json
HEAD,/api/items/:id,member,api.items.get,boundary-asserted,boundary-asserted,not-checked,not-checked,boundary-asserted,boundary-asserted,boundary-asserted,boundary-asserted,boundary-asserted,not-checked,not-checked,boundary-asserted,not-checked,not-checked,not-checked,endpoint-actor-coverage.csv; coverage.json
PATCH,/api/items/:id,member,api.items.update,boundary-asserted,boundary-asserted,security-property-asserted,boundary-asserted,not-checked,boundary-asserted,boundary-asserted,boundary-asserted,boundary-asserted,boundary-asserted,boundary-asserted,boundary-asserted,not-checked,not-checked,not-checked,endpoint-actor-coverage.csv; coverage.json
DELETE,/api/items/:id,member,api.items.remove,boundary-asserted,boundary-asserted,observed-request-only,boundary-asserted,not-checked,boundary-asserted,boundary-asserted,boundary-asserted,boundary-asserted,boundary-asserted,boundary-asserted,boundary-asserted,not-checked,not-checked,not-checked,endpoint-actor-coverage.csv; coverage.json
POST,/api/items/:id/trash,member,api.items.trash,boundary-asserted,boundary-asserted,observed-request-only,boundary-asserted,not-checked,boundary-asserted,boundary-asserted,boundary-asserted,boundary-asserted,boundary-asserted,boundary-asserted,boundary-asserted,not-checked,not-checked,not-checked,endpoint-actor-coverage.csv; coverage.json
POST,/api/items/:id/restore,member,api.items.restore,boundary-asserted,boundary-asserted,observed-request-only,boundary-asserted,not-checked,boundary-asserted,boundary-asserted,boundary-asserted,boundary-asserted,boundary-asserted,boundary-asserted,boundary-asserted,not-checked,not-checked,not-checked,endpoint-actor-coverage.csv; coverage.json
GET,/api/items/:id/zip,member,raw route,boundary-asserted,boundary-asserted,not-checked,boundary-asserted,boundary-asserted,boundary-asserted,boundary-asserted,boundary-asserted,boundary-asserted,not-checked,not-checked,boundary-asserted,not-checked,not-checked,not-checked,endpoint-actor-coverage.csv; coverage.json
HEAD,/api/items/:id/zip,member,raw route,boundary-asserted,boundary-asserted,not-checked,boundary-asserted,boundary-asserted,boundary-asserted,boundary-asserted,boundary-asserted,boundary-asserted,not-checked,not-checked,boundary-asserted,not-checked,not-checked,not-checked,endpoint-actor-coverage.csv; coverage.json
PATCH,/api/account,member,api.account.update,boundary-asserted,boundary-asserted,boundary-asserted,not-checked,boundary-asserted,boundary-asserted,boundary-asserted,boundary-asserted,boundary-asserted,boundary-asserted,boundary-asserted,boundary-asserted,boundary-asserted,not-checked,not-checked,endpoint-actor-coverage.csv; coverage.json
POST,/api/account/password,member,api.account.password,boundary-asserted,boundary-asserted,observed-request-only,not-checked,not-checked,boundary-asserted,boundary-asserted,boundary-asserted,boundary-asserted,boundary-asserted,boundary-asserted,boundary-asserted,boundary-asserted,not-checked,not-checked,endpoint-actor-coverage.csv; coverage.json
GET,/api/account/passkeys,member,api.account.passkeys,boundary-asserted,boundary-asserted,allowed-control-asserted,not-checked,not-checked,boundary-asserted,boundary-asserted,boundary-asserted,boundary-asserted,not-checked,not-checked,boundary-asserted,read-only-reviewed,not-checked,not-checked,endpoint-actor-coverage.csv; coverage.json
HEAD,/api/account/passkeys,member,api.account.passkeys,boundary-asserted,boundary-asserted,read-only-reviewed,not-checked,not-checked,boundary-asserted,boundary-asserted,boundary-asserted,boundary-asserted,not-checked,not-checked,boundary-asserted,read-only-reviewed,not-checked,not-checked,endpoint-actor-coverage.csv; coverage.json
POST,/api/account/passkeys,member,api.account.addPasskey,boundary-asserted,boundary-asserted,boundary-asserted,not-checked,not-checked,boundary-asserted,boundary-asserted,boundary-asserted,boundary-asserted,boundary-asserted,boundary-asserted,boundary-asserted,read-only-reviewed,not-checked,not-checked,endpoint-actor-coverage.csv; coverage.json
POST,/api/account/passkeys/options,member,api.account.passkeyOptions,boundary-asserted,boundary-asserted,security-property-asserted,not-checked,not-checked,boundary-asserted,boundary-asserted,boundary-asserted,boundary-asserted,boundary-asserted,boundary-asserted,boundary-asserted,read-only-reviewed,not-checked,not-checked,endpoint-actor-coverage.csv; coverage.json
DELETE,/api/account/passkeys/:id,member,api.account.removePasskey,boundary-asserted,boundary-asserted,security-property-asserted,not-checked,not-checked,boundary-asserted,boundary-asserted,boundary-asserted,boundary-asserted,boundary-asserted,boundary-asserted,boundary-asserted,read-only-reviewed,not-checked,not-checked,endpoint-actor-coverage.csv; coverage.json
GET,/api/activity,member,api.activity.list,boundary-asserted,boundary-asserted,security-property-asserted,security-property-asserted,observed-request-only,boundary-asserted,boundary-asserted,boundary-asserted,boundary-asserted,not-checked,not-checked,boundary-asserted,not-checked,not-checked,not-checked,endpoint-actor-coverage.csv; coverage.json
HEAD,/api/activity,member,api.activity.list,boundary-asserted,boundary-asserted,not-checked,not-checked,not-checked,boundary-asserted,boundary-asserted,boundary-asserted,boundary-asserted,not-checked,not-checked,boundary-asserted,not-checked,not-checked,not-checked,endpoint-actor-coverage.csv; coverage.json
POST,/api/activity/seen,member,api.activity.seen,boundary-asserted,boundary-asserted,security-property-asserted,not-checked,not-checked,boundary-asserted,boundary-asserted,boundary-asserted,boundary-asserted,boundary-asserted,boundary-asserted,boundary-asserted,not-checked,not-checked,not-checked,endpoint-actor-coverage.csv; coverage.json
GET,/api/admin,admin,api.admin.overview,boundary-asserted,boundary-asserted,boundary-asserted,not-checked,security-property-asserted,boundary-asserted,boundary-asserted,boundary-asserted,boundary-asserted,not-checked,not-checked,boundary-asserted,not-checked,not-checked,not-checked,endpoint-actor-coverage.csv; coverage.json
HEAD,/api/admin,admin,api.admin.overview,boundary-asserted,boundary-asserted,boundary-asserted,not-checked,not-checked,boundary-asserted,boundary-asserted,boundary-asserted,boundary-asserted,not-checked,not-checked,boundary-asserted,not-checked,not-checked,not-checked,endpoint-actor-coverage.csv; coverage.json
POST,/api/admin/integrity,admin,api.admin.integrity,boundary-asserted,boundary-asserted,boundary-asserted,not-checked,boundary-asserted,boundary-asserted,boundary-asserted,boundary-asserted,boundary-asserted,boundary-asserted,boundary-asserted,boundary-asserted,not-checked,not-checked,not-checked,endpoint-actor-coverage.csv; coverage.json
POST,/api/admin/invites,admin,api.admin.invite,boundary-asserted,boundary-asserted,boundary-asserted,not-checked,security-property-asserted,boundary-asserted,boundary-asserted,boundary-asserted,boundary-asserted,boundary-asserted,boundary-asserted,boundary-asserted,not-checked,not-checked,not-checked,endpoint-actor-coverage.csv; coverage.json
GET,/api/admin/invites,admin,api.admin.invites,boundary-asserted,boundary-asserted,boundary-asserted,not-checked,security-property-asserted,boundary-asserted,boundary-asserted,boundary-asserted,boundary-asserted,not-checked,not-checked,boundary-asserted,not-checked,not-checked,not-checked,endpoint-actor-coverage.csv; coverage.json
HEAD,/api/admin/invites,admin,api.admin.invites,boundary-asserted,boundary-asserted,boundary-asserted,not-checked,not-checked,boundary-asserted,boundary-asserted,boundary-asserted,boundary-asserted,not-checked,not-checked,boundary-asserted,not-checked,not-checked,not-checked,endpoint-actor-coverage.csv; coverage.json
PATCH,/api/admin/invites/:id,admin,api.admin.updateInvite,boundary-asserted,boundary-asserted,boundary-asserted,not-checked,boundary-asserted,boundary-asserted,boundary-asserted,boundary-asserted,boundary-asserted,boundary-asserted,boundary-asserted,boundary-asserted,not-checked,not-checked,not-checked,endpoint-actor-coverage.csv; coverage.json
DELETE,/api/admin/invites/:id,admin,api.admin.revokeInvite,boundary-asserted,boundary-asserted,boundary-asserted,not-checked,boundary-asserted,boundary-asserted,boundary-asserted,boundary-asserted,boundary-asserted,boundary-asserted,boundary-asserted,boundary-asserted,not-checked,not-checked,not-checked,endpoint-actor-coverage.csv; coverage.json
PATCH,/api/admin/members/:id,admin,api.admin.updateMember,boundary-asserted,boundary-asserted,boundary-asserted,not-checked,boundary-asserted,boundary-asserted,boundary-asserted,boundary-asserted,boundary-asserted,boundary-asserted,boundary-asserted,boundary-asserted,not-checked,not-checked,not-checked,endpoint-actor-coverage.csv; coverage.json
POST,/api/admin/members/:id/password,admin,api.admin.resetPassword,boundary-asserted,boundary-asserted,boundary-asserted,not-checked,security-property-asserted,boundary-asserted,boundary-asserted,boundary-asserted,boundary-asserted,boundary-asserted,boundary-asserted,boundary-asserted,boundary-asserted,not-checked,not-checked,endpoint-actor-coverage.csv; coverage.json
PATCH,/api/admin/settings,admin,api.admin.settings,boundary-asserted,boundary-asserted,boundary-asserted,not-checked,security-property-asserted,boundary-asserted,boundary-asserted,boundary-asserted,boundary-asserted,boundary-asserted,boundary-asserted,boundary-asserted,not-checked,not-checked,not-checked,endpoint-actor-coverage.csv; coverage.json
GET,/api/admin/usage,admin,api.admin.usage,boundary-asserted,boundary-asserted,boundary-asserted,not-checked,not-checked,boundary-asserted,boundary-asserted,boundary-asserted,boundary-asserted,not-checked,not-checked,boundary-asserted,not-checked,not-checked,not-checked,endpoint-actor-coverage.csv; coverage.json
HEAD,/api/admin/usage,admin,api.admin.usage,boundary-asserted,boundary-asserted,boundary-asserted,not-checked,not-checked,boundary-asserted,boundary-asserted,boundary-asserted,boundary-asserted,not-checked,not-checked,boundary-asserted,not-checked,not-checked,not-checked,endpoint-actor-coverage.csv; coverage.json
GET,/api/login-codes,member,api.loginCodes.list,boundary-asserted,boundary-asserted,security-property-asserted,not-checked,not-checked,boundary-asserted,boundary-asserted,boundary-asserted,boundary-asserted,not-checked,not-checked,boundary-asserted,not-checked,not-checked,not-checked,endpoint-actor-coverage.csv; coverage.json
HEAD,/api/login-codes,member,api.loginCodes.list,boundary-asserted,boundary-asserted,not-checked,not-checked,not-checked,boundary-asserted,boundary-asserted,boundary-asserted,boundary-asserted,not-checked,not-checked,boundary-asserted,not-checked,not-checked,not-checked,endpoint-actor-coverage.csv; coverage.json
POST,/api/login-codes,member,api.loginCodes.create,boundary-asserted,boundary-asserted,security-property-asserted,not-checked,not-checked,boundary-asserted,boundary-asserted,boundary-asserted,boundary-asserted,boundary-asserted,boundary-asserted,boundary-asserted,not-checked,not-checked,not-checked,endpoint-actor-coverage.csv; coverage.json
DELETE,/api/login-codes/:id,member,api.loginCodes.revoke,boundary-asserted,boundary-asserted,security-property-asserted,boundary-asserted,not-checked,boundary-asserted,boundary-asserted,boundary-asserted,boundary-asserted,boundary-asserted,boundary-asserted,boundary-asserted,not-checked,not-checked,not-checked,endpoint-actor-coverage.csv; coverage.json
GET,/api/login-codes/:id/status,member,api.loginCodes.status,boundary-asserted,boundary-asserted,security-property-asserted,boundary-asserted,not-checked,boundary-asserted,boundary-asserted,boundary-asserted,boundary-asserted,not-checked,not-checked,boundary-asserted,not-checked,not-checked,not-checked,endpoint-actor-coverage.csv; coverage.json
HEAD,/api/login-codes/:id/status,member,api.loginCodes.status,boundary-asserted,boundary-asserted,not-checked,not-checked,not-checked,boundary-asserted,boundary-asserted,boundary-asserted,boundary-asserted,not-checked,not-checked,boundary-asserted,not-checked,not-checked,not-checked,endpoint-actor-coverage.csv; coverage.json
POST,/api/local/connect,member,api.local.connect,boundary-asserted,boundary-asserted,security-property-asserted,not-checked,not-checked,boundary-asserted,boundary-asserted,boundary-asserted,boundary-asserted,boundary-asserted,boundary-asserted,boundary-asserted,not-checked,not-checked,not-checked,endpoint-actor-coverage.csv; coverage.json
GET,/api/local/check,member,api.local.check,boundary-asserted,boundary-asserted,boundary-asserted,not-checked,not-checked,boundary-asserted,boundary-asserted,boundary-asserted,boundary-asserted,not-checked,not-checked,boundary-asserted,not-checked,not-checked,boundary-asserted,endpoint-actor-coverage.csv; coverage.json
HEAD,/api/local/check,member,api.local.check,boundary-asserted,boundary-asserted,not-checked,not-checked,not-checked,boundary-asserted,boundary-asserted,boundary-asserted,boundary-asserted,not-checked,not-checked,boundary-asserted,not-checked,not-checked,not-checked,endpoint-actor-coverage.csv; coverage.json
GET,/api/links,member,api.links.list,boundary-asserted,boundary-asserted,observed-request-only,security-property-asserted,not-checked,boundary-asserted,boundary-asserted,boundary-asserted,boundary-asserted,not-checked,not-checked,boundary-asserted,not-checked,not-checked,not-checked,endpoint-actor-coverage.csv; coverage.json
HEAD,/api/links,member,api.links.list,boundary-asserted,boundary-asserted,not-checked,not-checked,not-checked,boundary-asserted,boundary-asserted,boundary-asserted,boundary-asserted,not-checked,not-checked,boundary-asserted,not-checked,not-checked,not-checked,endpoint-actor-coverage.csv; coverage.json
POST,/api/links,member,api.links.create,boundary-asserted,boundary-asserted,security-property-asserted,boundary-asserted,not-checked,boundary-asserted,boundary-asserted,boundary-asserted,boundary-asserted,boundary-asserted,boundary-asserted,boundary-asserted,not-checked,not-checked,not-checked,endpoint-actor-coverage.csv; coverage.json
PATCH,/api/links/:id,member,api.links.update,boundary-asserted,boundary-asserted,security-property-asserted,boundary-asserted,not-checked,boundary-asserted,boundary-asserted,boundary-asserted,boundary-asserted,boundary-asserted,boundary-asserted,boundary-asserted,not-checked,not-checked,not-checked,endpoint-actor-coverage.csv; coverage.json
DELETE,/api/links/:id,member,api.links.revoke,boundary-asserted,boundary-asserted,observed-request-only,boundary-asserted,not-checked,boundary-asserted,boundary-asserted,boundary-asserted,boundary-asserted,boundary-asserted,boundary-asserted,boundary-asserted,not-checked,not-checked,not-checked,endpoint-actor-coverage.csv; coverage.json
GET,/api/links/:id/visits,member,api.links.visits,boundary-asserted,boundary-asserted,observed-request-only,boundary-asserted,boundary-asserted,boundary-asserted,boundary-asserted,boundary-asserted,boundary-asserted,not-checked,not-checked,boundary-asserted,not-checked,not-checked,not-checked,endpoint-actor-coverage.csv; coverage.json
HEAD,/api/links/:id/visits,member,api.links.visits,boundary-asserted,boundary-asserted,not-checked,not-checked,boundary-asserted,boundary-asserted,boundary-asserted,boundary-asserted,boundary-asserted,not-checked,not-checked,boundary-asserted,not-checked,not-checked,not-checked,endpoint-actor-coverage.csv; coverage.json
GET,/api/devices,member,api.devices.list,boundary-asserted,boundary-asserted,allowed-control-asserted,not-checked,not-checked,boundary-asserted,boundary-asserted,boundary-asserted,boundary-asserted,not-checked,not-checked,boundary-asserted,not-checked,not-checked,not-checked,endpoint-actor-coverage.csv; coverage.json
HEAD,/api/devices,member,api.devices.list,boundary-asserted,boundary-asserted,not-checked,not-checked,not-checked,boundary-asserted,boundary-asserted,boundary-asserted,boundary-asserted,not-checked,not-checked,boundary-asserted,not-checked,not-checked,not-checked,endpoint-actor-coverage.csv; coverage.json
POST,/api/devices/sign-out-others,member,api.devices.signOutOthers,boundary-asserted,boundary-asserted,boundary-asserted,not-checked,not-checked,boundary-asserted,boundary-asserted,boundary-asserted,boundary-asserted,boundary-asserted,boundary-asserted,boundary-asserted,not-checked,not-checked,not-checked,endpoint-actor-coverage.csv; coverage.json
PATCH,/api/devices/:id,member,api.devices.update,boundary-asserted,boundary-asserted,security-property-asserted,boundary-asserted,not-checked,boundary-asserted,boundary-asserted,boundary-asserted,boundary-asserted,boundary-asserted,boundary-asserted,boundary-asserted,not-checked,not-checked,not-checked,endpoint-actor-coverage.csv; coverage.json
DELETE,/api/devices/:id,member,api.devices.signOut,boundary-asserted,boundary-asserted,observed-request-only,boundary-asserted,not-checked,boundary-asserted,boundary-asserted,boundary-asserted,boundary-asserted,boundary-asserted,boundary-asserted,boundary-asserted,not-checked,not-checked,not-checked,endpoint-actor-coverage.csv; coverage.json
GET,/api/deliveries,member,api.deliveries.list,boundary-asserted,boundary-asserted,boundary-asserted,boundary-asserted,not-checked,boundary-asserted,boundary-asserted,boundary-asserted,boundary-asserted,not-checked,not-checked,boundary-asserted,not-checked,not-checked,not-checked,endpoint-actor-coverage.csv; coverage.json
HEAD,/api/deliveries,member,api.deliveries.list,boundary-asserted,boundary-asserted,not-checked,not-checked,not-checked,boundary-asserted,boundary-asserted,boundary-asserted,boundary-asserted,not-checked,not-checked,boundary-asserted,not-checked,not-checked,not-checked,endpoint-actor-coverage.csv; coverage.json
POST,/api/deliveries,member,api.deliveries.create,boundary-asserted,boundary-asserted,boundary-asserted,not-checked,not-checked,boundary-asserted,boundary-asserted,boundary-asserted,boundary-asserted,boundary-asserted,boundary-asserted,boundary-asserted,not-checked,not-checked,not-checked,endpoint-actor-coverage.csv; coverage.json
PATCH,/api/deliveries/:id,member,api.deliveries.update,boundary-asserted,boundary-asserted,boundary-asserted,boundary-asserted,not-checked,boundary-asserted,boundary-asserted,boundary-asserted,boundary-asserted,boundary-asserted,boundary-asserted,boundary-asserted,not-checked,not-checked,not-checked,endpoint-actor-coverage.csv; coverage.json
GET,/api/events,member,raw route,boundary-asserted,boundary-asserted,not-checked,not-checked,not-checked,boundary-asserted,boundary-asserted,boundary-asserted,boundary-asserted,not-checked,not-checked,boundary-asserted,security-property-asserted,not-checked,not-checked,endpoint-actor-coverage.csv; coverage.json
HEAD,/api/events,member,raw route,boundary-asserted,boundary-asserted,not-checked,not-checked,not-checked,boundary-asserted,boundary-asserted,boundary-asserted,boundary-asserted,not-checked,not-checked,boundary-asserted,not-checked,not-checked,not-checked,endpoint-actor-coverage.csv; coverage.json
GET,/api/r/:token,public,api.requests.open,allowed-control-asserted,not-checked,not-checked,not-checked,not-checked,not-checked,boundary-asserted,not-checked,not-checked,not-checked,not-checked,boundary-asserted,not-checked,not-checked,not-checked,endpoint-actor-coverage.csv; coverage.json
HEAD,/api/r/:token,public,api.requests.open,allowed-control-asserted,not-checked,not-checked,not-checked,not-checked,not-checked,boundary-asserted,not-checked,not-checked,not-checked,not-checked,boundary-asserted,not-checked,not-checked,not-checked,endpoint-actor-coverage.csv; coverage.json
GET,/api/r/:token/events,raw,raw route,boundary-asserted,not-checked,not-checked,not-checked,not-checked,not-checked,boundary-asserted,not-checked,not-checked,not-checked,not-checked,boundary-asserted,not-checked,not-checked,not-checked,endpoint-actor-coverage.csv; coverage.json
HEAD,/api/r/:token/events,raw,raw route,boundary-asserted,not-checked,not-checked,not-checked,not-checked,not-checked,boundary-asserted,not-checked,not-checked,not-checked,not-checked,boundary-asserted,not-checked,not-checked,not-checked,endpoint-actor-coverage.csv; coverage.json
POST,/api/r/:token/start,public,api.requests.start,observed-request-only,not-checked,not-checked,not-checked,not-checked,not-checked,boundary-asserted,not-checked,not-checked,boundary-asserted,not-checked,boundary-asserted,not-checked,not-checked,not-checked,endpoint-actor-coverage.csv; coverage.json
POST,/api/r/:token/transfers,any,api.requests.transfer,observed-request-only,not-checked,not-checked,not-checked,not-checked,not-checked,boundary-asserted,not-checked,not-checked,boundary-asserted,not-checked,boundary-asserted,not-checked,not-checked,not-checked,endpoint-actor-coverage.csv; coverage.json
GET,/api/requests,member,api.requests.list,boundary-asserted,boundary-asserted,observed-request-only,security-property-asserted,not-checked,boundary-asserted,boundary-asserted,boundary-asserted,boundary-asserted,not-checked,not-checked,boundary-asserted,not-checked,not-checked,not-checked,endpoint-actor-coverage.csv; coverage.json
HEAD,/api/requests,member,api.requests.list,boundary-asserted,boundary-asserted,not-checked,not-checked,not-checked,boundary-asserted,boundary-asserted,boundary-asserted,boundary-asserted,not-checked,not-checked,boundary-asserted,not-checked,not-checked,not-checked,endpoint-actor-coverage.csv; coverage.json
POST,/api/requests,member,api.requests.create,boundary-asserted,boundary-asserted,security-property-asserted,not-checked,not-checked,boundary-asserted,boundary-asserted,boundary-asserted,boundary-asserted,boundary-asserted,boundary-asserted,boundary-asserted,not-checked,not-checked,not-checked,endpoint-actor-coverage.csv; coverage.json
PATCH,/api/requests/:id,member,api.requests.update,boundary-asserted,boundary-asserted,security-property-asserted,boundary-asserted,not-checked,boundary-asserted,boundary-asserted,boundary-asserted,boundary-asserted,boundary-asserted,boundary-asserted,boundary-asserted,not-checked,not-checked,not-checked,endpoint-actor-coverage.csv; coverage.json
DELETE,/api/requests/:id,member,api.requests.close,boundary-asserted,boundary-asserted,observed-request-only,boundary-asserted,not-checked,boundary-asserted,boundary-asserted,boundary-asserted,boundary-asserted,boundary-asserted,boundary-asserted,boundary-asserted,not-checked,not-checked,not-checked,endpoint-actor-coverage.csv; coverage.json
GET,/api/requests/:id/submissions,member,api.requests.submissions,boundary-asserted,boundary-asserted,observed-request-only,boundary-asserted,boundary-asserted,boundary-asserted,boundary-asserted,boundary-asserted,boundary-asserted,not-checked,not-checked,boundary-asserted,not-checked,not-checked,not-checked,endpoint-actor-coverage.csv; coverage.json
HEAD,/api/requests/:id/submissions,member,api.requests.submissions,boundary-asserted,boundary-asserted,not-checked,not-checked,boundary-asserted,boundary-asserted,boundary-asserted,boundary-asserted,boundary-asserted,not-checked,not-checked,boundary-asserted,not-checked,not-checked,not-checked,endpoint-actor-coverage.csv; coverage.json
POST,/api/trash/empty,member,api.items.emptyTrash,boundary-asserted,boundary-asserted,security-property-asserted,not-checked,not-checked,boundary-asserted,boundary-asserted,boundary-asserted,boundary-asserted,boundary-asserted,boundary-asserted,boundary-asserted,not-checked,not-checked,not-checked,endpoint-actor-coverage.csv; coverage.json
POST,/api/transfers,member,api.transfers.create,boundary-asserted,boundary-asserted,security-property-asserted,boundary-asserted,observed-request-only,boundary-asserted,boundary-asserted,boundary-asserted,boundary-asserted,boundary-asserted,boundary-asserted,boundary-asserted,not-checked,not-checked,not-checked,endpoint-actor-coverage.csv; coverage.json
POST,/api/transfers/:id/complete,any,api.transfers.complete,observed-request-only,not-checked,observed-request-only,boundary-asserted,not-checked,not-checked,boundary-asserted,not-checked,not-checked,boundary-asserted,not-checked,boundary-asserted,boundary-asserted,not-checked,not-checked,endpoint-actor-coverage.csv; coverage.json
POST,/api/transfers/:id/cancel,any,api.transfers.cancel,observed-request-only,not-checked,observed-request-only,boundary-asserted,not-checked,not-checked,boundary-asserted,not-checked,not-checked,boundary-asserted,not-checked,boundary-asserted,not-checked,not-checked,not-checked,endpoint-actor-coverage.csv; coverage.json
POST,/api/tabs/:id/close,any,api.transfers.closeTab,observed-request-only,not-checked,observed-request-only,boundary-asserted,not-checked,not-checked,not-checked,not-checked,not-checked,boundary-asserted,not-checked,boundary-asserted,not-checked,not-checked,not-checked,endpoint-actor-coverage.csv; coverage.json
DELETE,/api/uploads/:id,any,api.transfers.removeUpload,observed-request-only,not-checked,observed-request-only,boundary-asserted,not-checked,not-checked,boundary-asserted,not-checked,not-checked,boundary-asserted,not-checked,boundary-asserted,not-checked,not-checked,not-checked,endpoint-actor-coverage.csv; coverage.json
GET,/api/usage,member,api.usage,boundary-asserted,boundary-asserted,allowed-control-asserted,not-checked,security-property-asserted,boundary-asserted,boundary-asserted,boundary-asserted,boundary-asserted,not-checked,not-checked,boundary-asserted,not-checked,not-checked,not-checked,endpoint-actor-coverage.csv; coverage.json
HEAD,/api/usage,member,api.usage,boundary-asserted,boundary-asserted,not-checked,not-checked,not-checked,boundary-asserted,boundary-asserted,boundary-asserted,boundary-asserted,not-checked,not-checked,boundary-asserted,not-checked,not-checked,not-checked,endpoint-actor-coverage.csv; coverage.json
GET,/api/nodes/:id/content,member,raw route,boundary-asserted,boundary-asserted,security-property-asserted,boundary-asserted,boundary-asserted,boundary-asserted,boundary-asserted,boundary-asserted,boundary-asserted,not-checked,not-checked,boundary-asserted,not-checked,not-checked,not-checked,endpoint-actor-coverage.csv; coverage.json
HEAD,/api/nodes/:id/content,member,raw route,boundary-asserted,boundary-asserted,not-checked,boundary-asserted,boundary-asserted,boundary-asserted,boundary-asserted,boundary-asserted,boundary-asserted,not-checked,not-checked,boundary-asserted,not-checked,not-checked,not-checked,endpoint-actor-coverage.csv; coverage.json
GET,/api/nodes/:id/thumbnail,member,raw route,boundary-asserted,boundary-asserted,not-checked,boundary-asserted,boundary-asserted,boundary-asserted,boundary-asserted,boundary-asserted,boundary-asserted,not-checked,not-checked,boundary-asserted,not-checked,not-checked,not-checked,endpoint-actor-coverage.csv; coverage.json
HEAD,/api/nodes/:id/thumbnail,member,raw route,boundary-asserted,boundary-asserted,not-checked,boundary-asserted,boundary-asserted,boundary-asserted,boundary-asserted,boundary-asserted,boundary-asserted,not-checked,not-checked,boundary-asserted,not-checked,not-checked,not-checked,endpoint-actor-coverage.csv; coverage.json
GET,/api/nearby,member,api.nearby.get,boundary-asserted,boundary-asserted,security-property-asserted,security-property-asserted,not-checked,boundary-asserted,boundary-asserted,boundary-asserted,boundary-asserted,not-checked,not-checked,boundary-asserted,not-checked,not-checked,not-checked,endpoint-actor-coverage.csv; coverage.json
HEAD,/api/nearby,member,api.nearby.get,boundary-asserted,boundary-asserted,not-checked,not-checked,not-checked,boundary-asserted,boundary-asserted,boundary-asserted,boundary-asserted,not-checked,not-checked,boundary-asserted,not-checked,not-checked,not-checked,endpoint-actor-coverage.csv; coverage.json
POST,/api/nearby/presence,member,api.nearby.present,boundary-asserted,boundary-asserted,boundary-asserted,boundary-asserted,not-checked,boundary-asserted,boundary-asserted,boundary-asserted,boundary-asserted,boundary-asserted,boundary-asserted,boundary-asserted,not-checked,not-checked,not-checked,endpoint-actor-coverage.csv; coverage.json
POST,/api/nearby/signal,member,api.nearby.signal,boundary-asserted,boundary-asserted,observed-request-only,boundary-asserted,not-checked,boundary-asserted,boundary-asserted,boundary-asserted,boundary-asserted,boundary-asserted,boundary-asserted,boundary-asserted,not-checked,not-checked,not-checked,endpoint-actor-coverage.csv; coverage.json
POST,/api/nearby/invite,member,api.nearby.invite,boundary-asserted,boundary-asserted,security-property-asserted,not-checked,not-checked,boundary-asserted,boundary-asserted,boundary-asserted,boundary-asserted,boundary-asserted,boundary-asserted,boundary-asserted,not-checked,not-checked,not-checked,endpoint-actor-coverage.csv; coverage.json
PATCH,/api/nearby/invite,member,api.nearby.extendInvite,boundary-asserted,boundary-asserted,boundary-asserted,not-checked,not-checked,boundary-asserted,boundary-asserted,boundary-asserted,boundary-asserted,boundary-asserted,boundary-asserted,boundary-asserted,not-checked,not-checked,not-checked,endpoint-actor-coverage.csv; coverage.json
DELETE,/api/nearby/invite,member,api.nearby.endInvite,boundary-asserted,boundary-asserted,security-property-asserted,not-checked,not-checked,boundary-asserted,boundary-asserted,boundary-asserted,boundary-asserted,boundary-asserted,boundary-asserted,boundary-asserted,not-checked,not-checked,not-checked,endpoint-actor-coverage.csv; coverage.json
DELETE,/api/nearby/guests/:id,member,api.nearby.removeGuest,boundary-asserted,boundary-asserted,observed-request-only,boundary-asserted,not-checked,boundary-asserted,boundary-asserted,boundary-asserted,boundary-asserted,boundary-asserted,boundary-asserted,boundary-asserted,not-checked,not-checked,not-checked,endpoint-actor-coverage.csv; coverage.json
GET,/api/n/:token,public,api.nearby.guest,security-property-asserted,not-checked,not-checked,not-checked,not-checked,not-checked,not-checked,boundary-asserted,not-checked,not-checked,not-checked,boundary-asserted,not-checked,not-checked,not-checked,endpoint-actor-coverage.csv; coverage.json
HEAD,/api/n/:token,public,api.nearby.guest,allowed-control-asserted,not-checked,not-checked,not-checked,not-checked,not-checked,not-checked,boundary-asserted,not-checked,not-checked,not-checked,boundary-asserted,not-checked,not-checked,not-checked,endpoint-actor-coverage.csv; coverage.json
POST,/api/n/:token/join,public,api.nearby.join,observed-request-only,not-checked,not-checked,not-checked,not-checked,not-checked,not-checked,security-property-asserted,not-checked,boundary-asserted,not-checked,boundary-asserted,not-checked,not-checked,not-checked,endpoint-actor-coverage.csv; coverage.json
DELETE,/api/n/:token/join,public,api.nearby.leave,observed-request-only,not-checked,not-checked,not-checked,not-checked,not-checked,not-checked,boundary-asserted,not-checked,boundary-asserted,not-checked,boundary-asserted,not-checked,not-checked,not-checked,endpoint-actor-coverage.csv; coverage.json
POST,/api/n/:token/signal,public,api.nearby.guestSignal,observed-request-only,not-checked,not-checked,not-checked,not-checked,not-checked,not-checked,boundary-asserted,not-checked,boundary-asserted,not-checked,boundary-asserted,not-checked,not-checked,not-checked,endpoint-actor-coverage.csv; coverage.json
GET,/api/n/:token/events,raw,raw route,boundary-asserted,not-checked,not-checked,not-checked,not-checked,not-checked,not-checked,boundary-asserted,not-checked,not-checked,not-checked,boundary-asserted,not-checked,not-checked,not-checked,endpoint-actor-coverage.csv; coverage.json
HEAD,/api/n/:token/events,raw,raw route,boundary-asserted,not-checked,not-checked,not-checked,not-checked,not-checked,not-checked,boundary-asserted,not-checked,not-checked,not-checked,boundary-asserted,not-checked,not-checked,not-checked,endpoint-actor-coverage.csv; coverage.json
POST,/api/pickup,public,api.pickup.resolve,boundary-asserted,not-checked,not-checked,not-checked,not-checked,observed-request-only,not-checked,observed-request-only,not-checked,boundary-asserted,not-checked,boundary-asserted,not-checked,boundary-asserted,not-checked,endpoint-actor-coverage.csv; coverage.json
GET,/api/pickup/config,public,api.pickup.config,security-property-asserted,not-checked,not-checked,not-checked,not-checked,not-checked,not-checked,not-checked,not-checked,not-checked,not-checked,boundary-asserted,not-checked,not-checked,not-checked,endpoint-actor-coverage.csv; coverage.json
HEAD,/api/pickup/config,public,api.pickup.config,allowed-control-asserted,not-checked,not-checked,not-checked,not-checked,not-checked,not-checked,not-checked,not-checked,not-checked,not-checked,boundary-asserted,not-checked,not-checked,not-checked,endpoint-actor-coverage.csv; coverage.json
POST,/api/pickup/current,member,api.pickup.current,boundary-asserted,boundary-asserted,security-property-asserted,not-checked,security-property-asserted,boundary-asserted,boundary-asserted,boundary-asserted,boundary-asserted,boundary-asserted,boundary-asserted,boundary-asserted,not-checked,not-checked,not-checked,endpoint-actor-coverage.csv; coverage.json
OPTIONS,/uploads/:id,raw,raw route,observed-request-only,not-checked,not-checked,not-checked,not-checked,not-checked,not-checked,not-checked,not-checked,not-checked,not-checked,boundary-asserted,not-checked,not-checked,not-checked,endpoint-actor-coverage.csv; coverage.json
HEAD,/uploads/:id,raw,raw route,boundary-asserted,not-checked,security-property-asserted,boundary-asserted,not-checked,not-checked,boundary-asserted,not-checked,not-checked,not-checked,not-checked,boundary-asserted,not-checked,not-checked,not-checked,endpoint-actor-coverage.csv; coverage.json
PATCH,/uploads/:id,raw,raw route,observed-request-only,not-checked,security-property-asserted,boundary-asserted,observed-request-only,not-checked,boundary-asserted,not-checked,not-checked,boundary-asserted,not-checked,boundary-asserted,boundary-asserted,not-checked,not-checked,endpoint-actor-coverage.csv; coverage.json
